Title,Weight,Rating,Review and Rating,Speed,Warranty,Actual Price,Offer,Final Price After Discount
"Haier 9 kg Oxyi Dry Technology, 1300 RPM, Spray Function, Wash Programs, Magic Filter, Rat Mesh Semi A...",9 kg,4.3,"3,122 Ratings & 181 Reviews",1300,3,"₹19,000",36% off,"₹11,990"
"Godrej 7 kg 5 Star, Zero Pressure Technology Fills Tub 60% Faster, Stainless Steel Gravity Drum Fully ...",7 kg,4.2,"7,087 Ratings & 522 Reviews",720,2,"₹27,000",47% off,"₹14,100"
"realme TechLife 7 kg 5 Star rating Semi Automatic Top Load Washing Machine White, Black",7 kg,4.2,"79,640 Ratings & 7,217 Reviews",1400,2,"₹12,490",37% off,"₹7,790"
"realme TechLife 8.5 kg 5 Star rating Semi Automatic Top Load Washing Machine Grey, Black",8.5 kg,4.2,"79,640 Ratings & 7,217 Reviews",1400,2,"₹18,990",47% off,"₹9,890"
"realme TechLife 7.5 kg 5 Star Rating Semi Automatic Top Load Washing Machine Black, Grey",7.5 kg,4.2,"79,640 Ratings & 7,217 Reviews",1400,2,"₹13,990",40% off,"₹8,290"
realme TechLife 7.5 kg 5 Star Rating Fabric Safe Wash Fully Automatic Top Load Washing Machine Grey,7.5 kg,4.1,"26,801 Ratings & 2,551 Reviews",700,2,"₹19,990",40% off,"₹11,990"
"SAMSUNG 8 kg Semi Automatic Top Load Washing Machine Black, Grey",8 kg,4.4,"30,330 Ratings & 2,005 Reviews",1300,,"₹15,990",18% off,"₹12,990"
"Haier 8 kg Balance Clean Pulsator, Custom Wash Cycles with 15 Mins Quick Wash, Magic Filter Fully Auto...",8 kg,4.3,"35,898 Ratings & 3,027 Reviews",800,2,"₹30,000",43% off,"₹16,990"
"MarQ by Flipkart 6 kg 5 Star Rating Innowash Range Semi Automatic Top Load Washing Machine White, Maro...",6 kg,4.2,"25,816 Ratings & 2,354 Reviews",1350,2,"₹11,990",43% off,"₹6,790"
"realme TechLife 7 kg 5 Star Rating Fabric Safe Wash Fully Automatic Top Load Washing Machine Black, Gr...",7 kg,4.1,"14,293 Ratings & 1,572 Reviews",700,2,"₹21,990",48% off,"₹11,390"
"LG 7 kg 5 Star, Smart Inverter Technology, TurboDrum, Smart Diagnosis with Soft Closing Door Fully Aut...",7 kg,4.4,"73,312 Ratings & 5,366 Reviews",740,2,"₹27,490",36% off,"₹17,490"
InnoQ 7 kg | Turbo Wash | Buzzer | Wheels | Turbo Jet Dryer | Magic Filter | Lint Filter Semi Automati...,7 kg,4.2,"1,311 Ratings & 188 Reviews",1500,1,"₹17,990",61% off,"₹6,990"
"Voltas Beko 8.5 kg Semi Automatic Top Load Washing Machine Maroon, White",8.5 kg,4.3,"18,225 Ratings & 1,310 Reviews",1350,1,"₹19,990",45% off,"₹10,990"
Haier 14 kg Semi Automatic Top Load Washing Machine Black,14 kg,5,3 Ratings & 0 Reviews,1300,3,"₹31,000",35% off,"₹19,990"
"Haier 6.5 kg Balance Clean Pulsator, Custom Wash Cycles with 15 Mins Quick Wash, Magic Filter Fully Au...",6.5 kg,4.3,"35,898 Ratings & 3,027 Reviews",800,2,"₹18,990",34% off,"₹12,490"
Whirlpool 8 kg Fully Automatic Top Load Washing Machine with In-built Heater Grey,8 kg,4.1,"33,761 Ratings & 2,256 Reviews",740,2,"₹23,700",19% off,"₹18,990"
Godrej 6.5 kg 5 Star With I-Wash Technology Washing Machine Fully Automatic Top Load Grey,6.5 kg,4.2,"7,087 Ratings & 522 Reviews",720,2,"₹17,900",27% off,"₹12,990"
"LG 7 kg 5 Star, Inverter Direct Drive Technology, 6 Motion DD, Steam, Fully Automatic Front Load Washi...",7 kg,4.4,"6,421 Ratings & 477 Reviews",1200,2,"₹44,490",32% off,"₹29,990"
"Voltas Beko 6 kg Semi Automatic Top Load Washing Machine Maroon, White",6 kg,4.3,"18,225 Ratings & 1,310 Reviews",1350,1,"₹12,000",35% off,"₹7,690"
"Voltas Beko 8 kg Semi Automatic Top Load Washing Machine Blue, White",8 kg,4.3,"18,225 Ratings & 1,310 Reviews",1350,1,"₹18,990",45% off,"₹10,290"
"Haier 8 kg AI with Inverter Motor, IPuristeam and Refresh Function, Anti Bacterial Technology, Super D...",8 kg,4.3,"1,751 Ratings & 198 Reviews",1200,5,"₹53,500",45% off,"₹28,990"
"Panasonic 7 kg Fully Automatic Top Load Washing Machine Black, Grey",7 kg,4.3,"1,000 Ratings & 95 Reviews",700,2,"₹25,500",39% off,"₹15,490"
"Whirlpool 7 kg 5 Star with Ace Wash Station, 1400 RPM Speed and Rust Proof Semi Automatic Top Load Was...",7 kg,4.4,"30,285 Ratings & 2,124 Reviews",1400,4,"₹12,800",21% off,"₹9,990"
"Whirlpool 6.5 kg 5 Star with Ace Wash Station, 1400 RPM Speed and Rust Proof Body Semi Automatic Top L...",6.5 kg,4.4,"30,285 Ratings & 2,124 Reviews",1400,4,"₹12,500",24% off,"₹9,390"
"SAMSUNG 7 kg 5 star, Ecobubble, Digital Inverter, Fully Automatic Top Load Washing Machine Grey",7 kg,4.3,"82,199 Ratings & 5,580 Reviews",700,,"₹22,500",20% off,"₹17,990"
"MarQ by Flipkart 7 kg 5 Star Rating Innowash Range Semi Automatic Top Load Washing Machine Blue, White",7 kg,4.3,"56,300 Ratings & 5,683 Reviews",1350,2,"₹13,990",46% off,"₹7,490"
"Haier 9 kg Oxyi Dry Technology, 1300 RPM, Spray Function, Wash Programs, Magic Filter, Rat Mesh Semi A...",9 kg,4.3,"3,122 Ratings & 181 Reviews",1300,3,"₹19,000",36% off,"₹11,990"
"Haier 8 kg Balance Clean Pulsator, Custom Wash Cycles with 15 Mins Quick Wash, Magic Filter Fully Auto...",8 kg,4.3,"35,898 Ratings & 3,027 Reviews",800,2,"₹30,000",43% off,"₹16,990"
"SAMSUNG 8 kg Soft Closing Door 5 star, Ecobubble,, Super Speed, Digital Inverter Fully Automatic Top L...",8 kg,4.3,"82,199 Ratings & 5,580 Reviews",700,,"₹28,000",26% off,"₹20,490"
"Haier 7 kg Anti Bacterial Vortex Pulsator, 1300 RPM, Spray Function, Wash Programs, Magic Filter, Rat ...",7 kg,4.3,"3,122 Ratings & 181 Reviews",1300,2,"₹15,500",42% off,"₹8,990"
"Godrej 7 kg 5 Star, Zero Pressure Technology Fills Tub 60% Faster, Stainless Steel Gravity Drum Fully ...",7 kg,4.2,"7,087 Ratings & 522 Reviews",720,2,"₹27,000",47% off,"₹14,100"
"SAMSUNG 12 kg 5 Star, AI Control, AI Ecobubble, Super Speed, Wi-Fi, Hygiene Steam, Digital Inverter Mo...",12 kg,4.3,"16,868 Ratings & 1,269 Reviews",1400,2,"₹60,990",22% off,"₹46,990"
"LG 8 kg 5 Star, AI Direct Drive Technology, Steam, 6 Motion DD Fully Automatic Front Load Washing Mach...",8 kg,4.4,"6,421 Ratings & 477 Reviews",1200,2,"₹50,990",27% off,"₹36,990"
SAMSUNG 7 kg Diamond Drum Fully Automatic Top Load Washing Machine Silver,7 kg,4.3,"82,199 Ratings & 5,580 Reviews",680,,"₹21,000",27% off,"₹15,290"
Admiral 7.5 kg Semi Automatic Top Load Washing Machine White,7.5 kg,4.3,139 Ratings & 9 Reviews,1350,3,"₹10,949",13% off,"₹9,490"
"MarQ by Flipkart 7.5 kg 5 Star Rating Innowash Range Semi Automatic Top Load Washing Machine Maroon, W...",7.5 kg,4.3,"56,300 Ratings & 5,683 Reviews",1350,2,"₹14,990",45% off,"₹8,190"
"LG 7 kg 5 Star, Smart Inverter Technology, TurboDrum, Smart Diagnosis with Soft Closing Door Fully Aut...",7 kg,4.4,"73,312 Ratings & 5,366 Reviews",740,2,"₹27,490",36% off,"₹17,490"
InnoQ 7 kg | Turbo Wash | Buzzer | Wheels | Turbo Jet Dryer | Magic Filter | Lint Filter Semi Automati...,7 kg,4.2,"1,311 Ratings & 188 Reviews",1500,1,"₹17,990",61% off,"₹6,990"
"LG 8 kg 5 Star, Smart Inverter Technology, TurboDrum, Smart Diagnosis with Soft Closing Door Fully Aut...",8 kg,4.4,"73,312 Ratings & 5,366 Reviews",740,2,"₹28,990",32% off,"₹19,490"
InnoQ 7 kg | Turbo Wash | Buzzer | Wheels | Turbo Jet Dryer | Magic Filter | Lint Filter Semi Automati...,7 kg,4.2,"1,311 Ratings & 188 Reviews",1500,1,"₹17,990",61% off,"₹6,990"
Haier 14 kg Semi Automatic Top Load Washing Machine Black,14 kg,5,3 Ratings & 0 Reviews,1300,3,"₹31,000",35% off,"₹19,990"
Godrej 6.5 kg 5 Star With I-Wash Technology Washing Machine Fully Automatic Top Load Grey,6.5 kg,4.2,"7,087 Ratings & 522 Reviews",720,2,"₹17,900",27% off,"₹12,990"
"Reliance 7.5 kg Washer only Red, White",7.5 kg,4.1,198 Ratings & 12 Reviews,1350,1,"₹8,499",40% off,"₹5,099"
"Voltas Beko by A Tata Product 10 kg Semi Automatic Top Load Washing Machine Blue, White",10 kg,4.3,"18,225 Ratings & 1,310 Reviews",1350,2,"₹20,590",33% off,"₹13,690"
realme TechLife 8 kg Soft closing Glass lid Fully Automatic Top Load Washing Machine with In-built Hea...,8 kg,4.1,"1,264 Ratings & 121 Reviews",700,2,"₹28,990",51% off,"₹13,990"
"Whirlpool 8 kg 5 Star with Auto Restart, End of Cycle Buzzer, Lint Filter and Collar Scrubber Semi Aut...",8 kg,4.4,"30,285 Ratings & 2,124 Reviews",1400,4,"₹16,400",23% off,"₹12,490"
"Haier 8 kg With Ultra Fresh Air Technology, Oceanus Wave Steel Drum, Balance Clean Pulsator, Custom Wa...",8 kg,4,4 Ratings & 0 Reviews,780,2,"₹27,000",40% off,"₹15,990"
"LG 7 kg 5 Star, Inverter Direct Drive Technology, 6 Motion DD, Steam, Fully Automatic Front Load Washi...",7 kg,4.4,"6,421 Ratings & 477 Reviews",1200,2,"₹44,490",32% off,"₹29,990"
"Whirlpool 7 kg Fully Automatic Top Load Washing Machine with In-built Heater Black, Grey",7 kg,4.3,"15,148 Ratings & 1,113 Reviews",740,2,"₹21,650",21% off,"₹16,990"
InnoQ 7 kg | Turbo Wash | Buzzer | Wheels | Turbo Jet Dryer | Magic Filter | Lint Filter Semi Automati...,7 kg,4.2,"1,311 Ratings & 188 Reviews",1500,1,"₹17,990",61% off,"₹6,990"
"IFB 9 kg 5 Star AI Powered,� with 2X Power Steam Fully Automatic Front Load Washing Machine with In-bu...",9 kg,4.3,"89,954 Ratings & 8,846 Reviews",1400,4,"₹54,190",35% off,"₹34,990"
"LG 9 kg 5 Star, Inverter Direct Drive Technology, 6 Motion DD, Steam Fully Automatic Front Load Washin...",9 kg,4.4,"6,421 Ratings & 477 Reviews",1200,2,"₹52,990",32% off,"₹35,990"
"Haier 9 kg Oxyi Dry Technology, 1300 RPM, Spray Function, Wash Programs, Magic Filter, Rat Mesh Semi A...",9 kg,4.3,"3,122 Ratings & 181 Reviews",1300,3,"₹19,000",36% off,"₹11,990"
"Haier 8 kg Balance Clean Pulsator, Custom Wash Cycles with 15 Mins Quick Wash, Magic Filter Fully Auto...",8 kg,4.3,"35,898 Ratings & 3,027 Reviews",800,2,"₹30,000",43% off,"₹16,990"
"SAMSUNG 9 kg 5 Star, Hygiene Steam Fully Automatic Front Load Washing Machine with In-built Heater Bla...",9 kg,4.3,"16,868 Ratings & 1,269 Reviews",1400,,"₹54,900",36% off,"₹34,990"
Thomson 8.5 kg 5 Star Aqua Magic Semi Automatic Top Load Washing Machine Black,8.5 kg,4.1,"22,527 Ratings & 1,994 Reviews",1400,2,"₹12,499",28% off,"₹8,999"
"Godrej 7 kg 5 Star, Zero Pressure Technology Fills Tub 60% Faster, Stainless Steel Gravity Drum Fully ...",7 kg,4.2,"7,087 Ratings & 522 Reviews",720,2,"₹27,000",47% off,"₹14,100"
"Haier 7 kg Balance Clean Pulsator, Custom Wash Cycles with 15 Mins Quick Wash, Magic Filter Fully Auto...",7 kg,4.3,"35,898 Ratings & 3,027 Reviews",800,2,"₹26,000",47% off,"₹13,690"
Thomson 11 kg PureWash Fully Automatic Top Load Washing Machine Grey,11 kg,4.1,"5,765 Ratings & 1,099 Reviews",900,2,"₹21,499",25% off,"₹15,999"
Thomson 10 kg 5 Star Aqua Magic Grande Series with Floral Toughened Glass with Soft Closure and Double...,10 kg,4.1,"22,527 Ratings & 1,994 Reviews",1400,2,"₹14,999",26% off,"₹10,999"
Admiral 8 kg Semi Automatic Top Load Washing Machine Black,8 kg,4.3,139 Ratings & 9 Reviews,1350,3,"₹12,099",13% off,"₹10,490"
Whirlpool 6.5 kg Fully Automatic Top Load Washing Machine with In-built Heater Grey,6.5 kg,4.1,"33,761 Ratings & 2,256 Reviews",740,2,"₹21,150",24% off,"₹15,990"
"LG 7 kg 5 Star, Smart Inverter Technology, TurboDrum, Smart Diagnosis with Soft Closing Door Fully Aut...",7 kg,4.4,"73,312 Ratings & 5,366 Reviews",740,2,"₹27,490",36% off,"₹17,490"
"LG 7 kg 5 Star, Inverter Direct Drive Technology, 6 Motion DD, Steam, Fully Automatic Front Load Washi...",7 kg,4.4,"6,421 Ratings & 477 Reviews",1200,2,"₹44,490",32% off,"₹29,990"
"Admiral 8.5 kg Semi Automatic Top Load Washing Machine Blue, White",8.5 kg,4.3,139 Ratings & 9 Reviews,1350,3,"₹12,649",13% off,"₹10,990"
"LG 8 kg 5 Star with Roller Jet Pulsator with Soak, Wind Jet Dry and Rat Away, 6 Kg (Spin Tub Capacity)...",8 kg,4.5,"6,047 Ratings & 400 Reviews",1300,2,"₹19,990",30% off,"₹13,990"
InnoQ 7 kg | Turbo Wash | Buzzer | Wheels | Turbo Jet Dryer | Magic Filter | Lint Filter Semi Automati...,7 kg,4.2,"1,311 Ratings & 188 Reviews",1500,1,"₹17,990",61% off,"₹6,990"
Haier 14 kg Semi Automatic Top Load Washing Machine Black,14 kg,5,3 Ratings & 0 Reviews,1300,3,"₹31,000",35% off,"₹19,990"
"SAMSUNG 11.5 kg Semi Automatic Top Load Washing Machine Black, Grey",11.5 kg,4.4,373 Ratings & 34 Reviews,1300,,"₹23,200",20% off,"₹18,499"
realme TechLife 8 kg 5 Star Rating Fabric Safe Wash Fully Automatic Top Load Washing Machine Grey,8 kg,4.1,"14,293 Ratings & 1,572 Reviews",700,2,"₹23,990",44% off,"₹13,290"
"IFB 7 kg 5 Star with Steam Refresh program, 9 Swirl Wash, Eco Inverter, Powered by AI with Wifi Fully ...",7 kg,4.3,"89,954 Ratings & 8,846 Reviews",1200,4,"₹37,090",17% off,"₹30,490"
"MarQ by Flipkart 10 kg Semi Automatic Top Load Washing Machine Maroon, White",10 kg,4.3,"56,300 Ratings & 5,683 Reviews",1350,2,"₹17,990",45% off,"₹9,790"
"Haier 9 kg Oxyi Dry Technology, 1300 RPM, Spray Function, Wash Programs, Magic Filter, Rat Mesh Semi A...",9 kg,4.3,"3,122 Ratings & 181 Reviews",1300,3,"₹19,000",36% off,"₹11,990"
"Haier 8 kg Balance Clean Pulsator, Custom Wash Cycles with 15 Mins Quick Wash, Magic Filter Fully Auto...",8 kg,4.3,"35,898 Ratings & 3,027 Reviews",800,2,"₹30,000",43% off,"₹16,990"
"SAMSUNG 8 kg 5 star, Ecobubble, Super Speed, Wi-Fi, Digital Inverter, Fully Automatic Top Load Washing...",8 kg,4.3,"24,659 Ratings & 1,977 Reviews",700,,"₹30,500",18% off,"₹25,000"
BOSCH 9 kg Fully Automatic Front Load Washing Machine with In-built Heater Grey,9 kg,4.3,"9,176 Ratings & 747 Reviews",1200,2,"₹59,990",35% off,"₹38,900"
"Godrej 7 kg 5 Star, Zero Pressure Technology Fills Tub 60% Faster, Stainless Steel Gravity Drum Fully ...",7 kg,4.2,"7,087 Ratings & 522 Reviews",720,2,"₹27,000",47% off,"₹14,100"
"LG 7 kg 5 Star, Smart Inverter Technology, TurboDrum, Smart Diagnosis with Soft Closing Door Fully Aut...",7 kg,4.4,"73,312 Ratings & 5,366 Reviews",740,2,"₹27,490",36% off,"₹17,490"
"Voltas Beko by A Tata Product 7.5 kg Washer only Maroon, White",7.5 kg,4.1,"2,359 Ratings & 170 Reviews",700,1,"₹7,490",21% off,"₹5,900"
"Whirlpool 11 kg 5 Star with Auto Restart, End of Cycle Buzzer and Faster Drying Semi Automatic Top Loa...",11 kg,4.4,"30,285 Ratings & 2,124 Reviews",1400,4,"₹21,200",19% off,"₹16,990"
Godrej 8 kg Semi Automatic Top Load Washing Machine Red,8 kg,4.4,231 Ratings & 13 Reviews,1440,2,"₹20,750",41% off,"₹12,210"
LG 8 kg Fully Automatic Front Load Washing Machine with In-built Heater White,8 kg,4.4,"6,421 Ratings & 477 Reviews",1200,2,"₹46,990",31% off,"₹31,990"
Haier 14 kg Semi Automatic Top Load Washing Machine Black,14 kg,5,3 Ratings & 0 Reviews,1300,3,"₹31,000",35% off,"₹19,990"
InnoQ 7 kg | Turbo Wash | Buzzer | Wheels | Turbo Jet Dryer | Magic Filter | Lint Filter Semi Automati...,7 kg,4.2,"1,311 Ratings & 188 Reviews",1500,1,"₹17,990",61% off,"₹6,990"
"Godrej 7.5 kg 5 Star With Rain Shower Spin Washing Machine Semi Automatic Top Load Grey, White",7.5 kg,4.3,"4,292 Ratings & 276 Reviews",1440,2,"₹16,000",33% off,"₹10,590"
"LG 9 Kg 5 Star, Inverter Direct Drive Technology, Wi-Fi Enabled, 6 Motion DD, Allergen free with Steam...",9 kg,4.4,"6,421 Ratings & 477 Reviews",1200,2,"₹54,490",35% off,"₹34,990"
Godrej 6.5 kg 5 Star With I-Wash Technology Washing Machine Fully Automatic Top Load Grey,6.5 kg,4.2,"7,087 Ratings & 522 Reviews",720,2,"₹17,900",27% off,"₹12,990"
"Haier 8 kg With Ultra Fresh Air Technology, Oceanus Wave Steel Drum, Balance Clean Pulsator, Custom Wa...",8 kg,4,4 Ratings & 0 Reviews,780,2,"₹27,000",40% off,"₹15,990"
Reliance 7.5 kg Washer only Red,7.5 kg,,,1350,1,"₹8,499",5% off,"₹7,999"
"ONIDA 9 kg Washer only White, Maroon",9 kg,4.2,"29,629 Ratings & 3,180 Reviews",780,1,"₹7,050",6% off,"₹6,590"
"Whirlpool 9 kg 5 Star with Auto Restart, End of Cycle Buzzer, Lint Filter and Collar Scrubber Semi Aut...",9 kg,4.4,"30,285 Ratings & 2,124 Reviews",1400,4,"₹18,700",25% off,"₹13,990"
"IFB 8 kg 5 Star with Steam Refresh program, 9 Swirl Wash, Eco Inverter, Touch Panel with AI Fully Auto...",8 kg,4.3,"89,954 Ratings & 8,846 Reviews",1400,4,"₹47,090",22% off,"₹36,590"
"LG 7 kg 5 Star, Inverter Direct Drive Technology, 6 Motion DD, Steam, Fully Automatic Front Load Washi...",7 kg,4.4,"6,421 Ratings & 477 Reviews",1200,2,"₹44,490",32% off,"₹29,990"
"Haier 8 kg AI with Inverter Motor, IPuristeam and Refresh Function, Anti Bacterial Technology, Super D...",8 kg,4.3,"1,751 Ratings & 198 Reviews",1200,5,"₹53,500",45% off,"₹28,990"
"IFB 7 kg 5 Star 2X Power Steam,Hard Water Wash Fully Automatic Front Load Washing Machine with In-buil...",7 kg,4.3,"89,954 Ratings & 8,846 Reviews",1000,4,"₹32,490",20% off,"₹25,990"
InnoQ 7.5 kg | Turbo Wash | Buzzer | Wheels | Turbo Jet Dryer | Magic Filter | Lint Filter Semi Automa...,7.5 kg,4.2,"1,311 Ratings & 188 Reviews",1500,1,"₹18,990",62% off,"₹7,190"
"Haier 9 kg Oxyi Dry Technology, 1300 RPM, Spray Function, Wash Programs, Magic Filter, Rat Mesh Semi A...",9 kg,4.3,"3,122 Ratings & 181 Reviews",1300,3,"₹19,000",36% off,"₹11,990"
"Haier 8 kg Balance Clean Pulsator, Custom Wash Cycles with 15 Mins Quick Wash, Magic Filter Fully Auto...",8 kg,4.3,"35,898 Ratings & 3,027 Reviews",800,2,"₹30,000",43% off,"₹16,990"
InnoQ 7.5 kg | Turbo Wash | Buzzer | Wheels | Turbo Jet Dryer | Magic Filter | Lint Filter Semi Automa...,7.5 kg,4.2,"1,311 Ratings & 188 Reviews",1500,1,"₹18,990",62% off,"₹7,190"
Voltas Beko by A Tata Product 7 kg Semi Automatic Top Load Washing Machine White,7 kg,4.3,"2,164 Ratings & 155 Reviews",1350,2,"₹12,490",30% off,"₹8,685"
"Voltas Beko 10 kg Fully Automatic Top Load Washing Machine Black, Grey",10 kg,4.2,"1,122 Ratings & 85 Reviews",700,1,"₹44,990",57% off,"₹19,090"
"Godrej 7.5 kg 5 Star, Zero Pressure Technology With Stainless Steel Gravity Drum Fully Automatic Top L...",7.5 kg,4.2,"7,087 Ratings & 522 Reviews",670,2,"₹28,000",44% off,"₹15,590"
"Godrej 7 kg 5 Star, Zero Pressure Technology Fills Tub 60% Faster, Stainless Steel Gravity Drum Fully ...",7 kg,4.2,"7,087 Ratings & 522 Reviews",720,2,"₹27,000",47% off,"₹14,100"
"Haier 7 kg Balance Clean Pulsator, Custom Wash Cycles with 15 Mins Quick Wash, Magic Filter Fully Auto...",7 kg,4.3,"35,898 Ratings & 3,027 Reviews",800,2,"₹26,000",47% off,"₹13,690"
"Voltas Beko by A Tata Product 14 kg Semi Automatic Top Load Washing Machine Maroon, White",14 kg,4.3,"18,225 Ratings & 1,310 Reviews",1350,2,"₹24,590",32% off,"₹16,490"
BOSCH 9 kg 5 Star with 1360 High RPM Spin Motor Semi Automatic Top Load Washing Machine Multicolor,9 kg,4.1,189 Ratings & 20 Reviews,1360,2,"₹20,500",30% off,"₹14,200"
"LG 7 kg 5 Star, Inverter Direct Drive Technology, 6 Motion DD, Steam, Fully Automatic Front Load Washi...",7 kg,4.4,"6,421 Ratings & 477 Reviews",1200,2,"₹44,490",32% off,"₹29,990"
"LG 7 kg 5 Star, Smart Inverter Technology, TurboDrum, Smart Diagnosis with Soft Closing Door Fully Aut...",7 kg,4.4,"73,312 Ratings & 5,366 Reviews",740,2,"₹27,490",36% off,"₹17,490"
"LG Electronics 10.5 kg Semi Automatic Top Load Washing Machine Maroon, White",10.5 kg,4.6,96 Ratings & 6 Reviews,1350,2,"₹24,490",29% off,"₹17,300"
"Voltas Beko 10 kg Fully Automatic Top Load Washing Machine with In-built Heater Black, Grey",10 kg,4.2,"1,122 Ratings & 85 Reviews",700,1,"₹45,990",56% off,"₹20,090"
FOXSKY 8 kg Semi Automatic Top Load Washing Machine Grey,8 kg,4,699 Ratings & 49 Reviews,1450,2,"₹19,990",53% off,"₹9,300"
Admiral 6.5 kg Fully Automatic Top Load Washing Machine Black,6.5 kg,3.6,33 Ratings & 6 Reviews,600,3,"₹13,999",14% off,"₹11,990"
Haier 14 kg Semi Automatic Top Load Washing Machine Black,14 kg,5,3 Ratings & 0 Reviews,1300,3,"₹31,000",35% off,"₹19,990"
InnoQ 7 kg | Turbo Wash | Buzzer | Wheels | Turbo Jet Dryer | Magic Filter | Lint Filter Semi Automati...,7 kg,4.2,"1,311 Ratings & 188 Reviews",1500,1,"₹17,990",61% off,"₹6,990"
"BOSCH 7 kg Fully Automatic Front Load Washing Machine Black, Grey",7 kg,4.3,"9,176 Ratings & 747 Reviews",1200,2,"₹50,990",39% off,"₹30,990"
Whirlpool 8 kg Semi Automatic Top Load Washing Machine Red,8 kg,4.4,244 Ratings & 19 Reviews,1400,4,"₹16,700",28% off,"₹11,990"
Godrej 6.5 kg 5 Star With I-Wash Technology Washing Machine Fully Automatic Top Load Grey,6.5 kg,4.2,"7,087 Ratings & 522 Reviews",720,2,"₹17,900",27% off,"₹12,990"
"Haier 8 kg AI with Inverter Motor, IPuristeam and Refresh Function, Anti Bacterial Technology, Super D...",8 kg,4.3,"1,751 Ratings & 198 Reviews",1200,5,"₹53,500",45% off,"₹28,990"
"Haier 8 kg Powerful Storm Pulsator, Custom Wash Cycles with Quick Wash, Near Zero Pressure Technology,...",8 kg,4.3,"35,898 Ratings & 3,027 Reviews",800,2,"₹35,000",50% off,"₹17,490"
"Voltas Beko 11 kg Fully Automatic Top Load Washing Machine with In-built Heater Black, Grey",11 kg,4.2,"1,122 Ratings & 85 Reviews",700,1,"₹47,990",54% off,"₹21,990"
"Haier 9 kg Oxyi Dry Technology, 1300 RPM, Spray Function, Wash Programs, Magic Filter, Rat Mesh Semi A...",9 kg,4.3,"3,122 Ratings & 181 Reviews",1300,3,"₹19,000",36% off,"₹11,990"
Panasonic 7 kg Fully Automatic Top Load Washing Machine with In-built Heater Grey,7 kg,4.3,"11,858 Ratings & 1,223 Reviews",702,2,"₹22,900",25% off,"₹16,990"
"LG 7 kg 5 Star with Smart Inverter Technology, TurboDrum and Smart Diagnosis Fully Automatic Top Load ...",7 kg,4.4,"73,312 Ratings & 5,366 Reviews",700,2,"₹20,990",16% off,"₹17,490"
"LG Electronics 10.5 kg Semi Automatic Top Load Washing Machine Maroon, White",10.5 kg,4.6,96 Ratings & 6 Reviews,1350,2,"₹24,490",29% off,"₹17,300"
"Haier 8 kg Balance Clean Pulsator, Custom Wash Cycles with 15 Mins Quick Wash, Magic Filter Fully Auto...",8 kg,4.3,"35,898 Ratings & 3,027 Reviews",800,2,"₹30,000",43% off,"₹16,990"
"Godrej 7 kg 5 Star, Zero Pressure Technology Fills Tub 60% Faster, Stainless Steel Gravity Drum Fully ...",7 kg,4.2,"7,087 Ratings & 522 Reviews",720,2,"₹27,000",47% off,"₹14,100"
"Whirlpool 9 kg Ozone Technology 5 Star Inverter 100+ Tough Stains, 1400 RPM Fully Automatic Front Load...",9 kg,4,86 Ratings & 6 Reviews,1400,2,"₹54,300",35% off,"₹34,900"
LG 7.5 kg Fully Automatic Top Load Washing Machine Grey,7.5 kg,4.4,"73,312 Ratings & 5,366 Reviews",740,2,"₹27,990",32% off,"₹18,990"
"Haier 7 kg Balance Clean Pulsator, Custom Wash Cycles with 15 Mins Quick Wash, Magic Filter Fully Auto...",7 kg,4.3,"35,898 Ratings & 3,027 Reviews",800,2,"₹26,000",47% off,"₹13,690"
"LG 7 kg 5 Star, Inverter Direct Drive Technology, 6 Motion DD, Steam, Fully Automatic Front Load Washi...",7 kg,4.4,"6,421 Ratings & 477 Reviews",1200,2,"₹44,490",32% off,"₹29,990"
"Godrej 8 kg 5 Star, With Soft Shut Wash Lid, Tri Roto Scrub Pulsator With Stainless Steel Wash and Spi...",8 kg,4.2,516 Ratings & 49 Reviews,1400,2,"₹20,050",,"₹20,000"
Whirlpool 7 kg with Hard Water Wash Fully Automatic Top Load Washing Machine Grey,7 kg,4.2,"23,096 Ratings & 1,594 Reviews",740,2,"₹18,950",19% off,"₹15,290"
Whirlpool 7 kg Fully Automatic Top Load Washing Machine with In-built Heater Grey,7 kg,3.3,13 Ratings & 0 Reviews,740,2,,,
Thomson 10 kg 5 Star Aqua Magic Double Waterfall Semi Automatic Top Load Washing Machine Black,10 kg,4.1,"22,527 Ratings & 1,994 Reviews",1400,2,"₹14,999",33% off,"₹9,999"
"LG 7 kg 5 Star, Smart Inverter Technology, TurboDrum, Smart Diagnosis with Soft Closing Door Fully Aut...",7 kg,4.4,"73,312 Ratings & 5,366 Reviews",740,2,"₹27,490",36% off,"₹17,490"
InnoQ 7 kg | Turbo Wash | Buzzer | Wheels | Turbo Jet Dryer | Magic Filter | Lint Filter Semi Automati...,7 kg,4.2,"1,311 Ratings & 188 Reviews",1500,1,"₹17,990",61% off,"₹6,990"
"Whirlpool 8 kg Steam Technology 5 Star Inverter 100+ Tough Stains, 6th Sense Soft Move Fully Automatic...",8 kg,4.1,"1,168 Ratings & 103 Reviews",1400,2,"₹39,700",21% off,"₹30,990"
LG 7 kg 5 star AI Direct Drive Washer with Steam and ThinQWi-Fi Enabled Fully Automatic Front Load Was...,7 kg,4.3,93 Ratings & 10 Reviews,1200,2,"₹44,490",20% off,"₹35,490"
Haier 14 kg Semi Automatic Top Load Washing Machine Black,14 kg,5,3 Ratings & 0 Reviews,1300,3,"₹31,000",35% off,"₹19,990"
Godrej 6.5 kg 5 Star With I-Wash Technology Washing Machine Fully Automatic Top Load Grey,6.5 kg,4.2,"7,087 Ratings & 522 Reviews",720,2,"₹17,900",27% off,"₹12,990"
Whirlpool 7.5 kg 5 Star Fully Automatic Top Load Washing Machine with In-built Heater Grey,7.5 kg,4.2,"1,489 Ratings & 153 Reviews",740,2,"₹25,100",26% off,"₹18,499"
"IFB 6.5 kg 5 Star with Steam Refresh program, 9 Swirl Wash, Eco Inverter, Powered by AI with Power Ste...",6.5 kg,4.5,37 Ratings & 5 Reviews,1000,4,"₹35,990",22% off,"₹27,990"
BOSCH 8.5 kg 5 Star with 1360 High RPM Spin Motor Semi Automatic Top Load Washing Machine Multicolor,8.5 kg,4.1,189 Ratings & 20 Reviews,1360,2,"₹20,000",31% off,"₹13,700"
"Godrej 7 kg Tri- Roto Pulsator, Spin Shower, Drying at 1400 RPM Speed, Semi Automatic Top Load Washing...",7 kg,4.3,"4,292 Ratings & 276 Reviews",1400,2,"₹13,900",31% off,"₹9,590"
"Haier 9 kg Oxyi Dry Technology, 1300 RPM, Spray Function, Wash Programs, Magic Filter, Rat Mesh Semi A...",9 kg,4.3,"3,122 Ratings & 181 Reviews",1300,3,"₹19,000",36% off,"₹11,990"
"Haier 8 kg Balance Clean Pulsator, Custom Wash Cycles with 15 Mins Quick Wash, Magic Filter Fully Auto...",8 kg,4.3,"35,898 Ratings & 3,027 Reviews",800,2,"₹30,000",43% off,"₹16,990"
Godrej 8 kg Semi Automatic Top Load Washing Machine Red,8 kg,4.4,231 Ratings & 13 Reviews,1440,2,"₹20,750",41% off,"₹12,210"
"Voltas Beko 12 Kg Semi Automatic Top Load Washing Machine Blue, White",12 kg,4.3,"18,225 Ratings & 1,310 Reviews",1350,1,"₹22,590",33% off,"₹14,990"
"Godrej 7 kg 5 Star, Zero Pressure Technology Fills Tub 60% Faster, Stainless Steel Gravity Drum Fully ...",7 kg,4.2,"7,087 Ratings & 522 Reviews",720,2,"₹27,000",47% off,"₹14,100"
"LG 7 kg 5 Star, Smart Inverter Technology, TurboDrum, Smart Diagnosis with Soft Closing Door Fully Aut...",7 kg,4.4,"73,312 Ratings & 5,366 Reviews",740,2,"₹27,490",36% off,"₹17,490"
BOSCH 8 kg Fully Automatic Front Load Washing Machine with In-built Heater Grey,8 kg,4.3,"9,176 Ratings & 747 Reviews",1400,2,"₹51,490",33% off,"₹34,490"
Whirlpool 8 kg Semi Automatic Top Load Washing Machine Red,8 kg,4.4,244 Ratings & 19 Reviews,1400,4,"₹16,700",28% off,"₹11,990"
"IFB 10 kg 5 Star with DeepClean Technology, PowerSteam, AI Powered,Aqua Energie Fully Automatic Top Lo...",10 kg,4.5,4 Ratings & 1 Reviews,720,4,"₹41,490",23% off,"₹31,750"
"SAMSUNG 9 kg 5 Star, Eco Bubble Technology, AI Control , Wi-Fi Enabled , Digital Inverter Motor, Hygie...",9 kg,4.2,"1,297 Ratings & 85 Reviews",1400,,"₹61,000",31% off,"₹41,990"
InnoQ 7 kg | Turbo Wash | Buzzer | Wheels | Turbo Jet Dryer | Magic Filter | Lint Filter Semi Automati...,7 kg,4.2,"1,311 Ratings & 188 Reviews",1500,1,"₹17,990",61% off,"₹6,990"
Haier 14 kg Semi Automatic Top Load Washing Machine Black,14 kg,5,3 Ratings & 0 Reviews,1300,3,"₹31,000",35% off,"₹19,990"
Godrej 8 kg 5 Star With Active Soak Technology With Tri Roto Scrub Pulsator Semi Automatic Top Load Wa...,8 kg,4.3,"4,292 Ratings & 276 Reviews",1440,2,"₹16,900",30% off,"₹11,790"
Thomson 8.5 kg 5 Star Aqua Magic Semi Automatic Top Load Washing Machine Black,8.5 kg,4.1,"22,527 Ratings & 1,994 Reviews",1400,2,"₹12,499",28% off,"₹8,999"
Godrej 6.5 kg 5 Star With I-Wash Technology Washing Machine Fully Automatic Top Load Grey,6.5 kg,4.2,"7,087 Ratings & 522 Reviews",720,2,"₹17,900",27% off,"₹12,990"
"Haier 8 kg With Ultra Fresh Air Technology, Oceanus Wave Steel Drum, Balance Clean Pulsator, Custom Wa...",8 kg,4,4 Ratings & 0 Reviews,780,2,"₹27,000",40% off,"₹15,990"
"SAMSUNG 7 kg 5 Star, AI, Wi-Fi, Digital Inverter Fully Automatic Front Load Washing Machine with In-bu...",7 kg,4.3,"16,868 Ratings & 1,269 Reviews",1200,,"₹40,000",22% off,"₹30,990"
"MarQ by Flipkart 9 kg 5 Star Rating Innowash Range Semi Automatic Top Load Washing Machine White, Grey",9 kg,4.3,"56,300 Ratings & 5,683 Reviews",1350,2,"₹17,990",45% off,"₹9,790"
Thomson 11 kg PureWash Fully Automatic Top Load Washing Machine Grey,11 kg,4.1,"5,765 Ratings & 1,099 Reviews",900,2,"₹21,499",25% off,"₹15,999"
"Lloyd by Havells 9 kg Semi Automatic Top Load Washing Machine Grey, Orange",9 kg,4.3,"2,575 Ratings & 193 Reviews",1300,,"₹20,248",29% off,"₹14,191"
"LG 7 kg 5 Star, Inverter Direct Drive Technology, 6 Motion DD, Steam, Fully Automatic Front Load Washi...",7 kg,4.4,"6,421 Ratings & 477 Reviews",1200,2,"₹44,490",32% off,"₹29,990"
"Haier 8 kg AI with Inverter Motor, IPuristeam and Refresh Function, Anti Bacterial Technology, Super D...",8 kg,4.3,"1,751 Ratings & 198 Reviews",1200,5,"₹53,500",45% off,"₹28,990"
Thomson 9 kg PureWash Fully Automatic Top Load Washing Machine Grey,9 kg,4.1,"5,765 Ratings & 1,099 Reviews",900,2,"₹18,999",26% off,"₹13,999"
realme TechLife 12 kg Semi Automatic Top Load Washing Machine Grey,12 kg,4.2,"79,640 Ratings & 7,217 Reviews",1300,2,"₹23,990",48% off,"₹12,290"
"Haier 9 kg Oxyi Dry Technology, 1300 RPM, Spray Function, Wash Programs, Magic Filter, Rat Mesh Semi A...",9 kg,4.3,"3,122 Ratings & 181 Reviews",1300,3,"₹19,000",36% off,"₹11,990"
"Haier 8 kg Balance Clean Pulsator, Custom Wash Cycles with 15 Mins Quick Wash, Magic Filter Fully Auto...",8 kg,4.3,"35,898 Ratings & 3,027 Reviews",800,2,"₹30,000",43% off,"₹16,990"
"SAMSUNG 7.5 kg Semi Automatic Top Load Washing Machine Black, Grey",7.5 kg,4.4,206 Ratings & 16 Reviews,1300,,"₹16,400",20% off,"₹13,000"
"SAMSUNG 8.5 kg Semi Automatic Top Load Washing Machine Black, Grey",8.5 kg,4.4,178 Ratings & 10 Reviews,1200,2,"₹18,900",21% off,"₹14,800"
"SAMSUNG 8.5 kg Semi Automatic Top Load Washing Machine Black, Grey",8.5 kg,4.4,178 Ratings & 10 Reviews,1300,,"₹18,900",21% off,"₹14,800"
Admiral 8 kg Semi Automatic Top Load Washing Machine Black,8 kg,4.3,139 Ratings & 9 Reviews,1350,3,"₹12,099",13% off,"₹10,490"
"Godrej 7 kg 5 Star, Zero Pressure Technology Fills Tub 60% Faster, Stainless Steel Gravity Drum Fully ...",7 kg,4.2,"7,087 Ratings & 522 Reviews",720,2,"₹27,000",47% off,"₹14,100"
"Haier 7 kg Balance Clean Pulsator, Custom Wash Cycles with 15 Mins Quick Wash, Magic Filter Fully Auto...",7 kg,4.3,"35,898 Ratings & 3,027 Reviews",800,2,"₹26,000",47% off,"₹13,690"
"ONIDA 9 kg Washer only White, Maroon",9 kg,4.2,"29,629 Ratings & 3,180 Reviews",780,1,"₹7,050",6% off,"₹6,590"
Thomson 9 kg 5 Star Aqua Magic Double Waterfall Semi Automatic Top Load Washing Machine Black,9 kg,4.1,"22,527 Ratings & 1,994 Reviews",1400,2,"₹12,999",26% off,"₹9,499"
"LG 7 kg 5 Star, Inverter Direct Drive Technology, 6 Motion DD, Steam, Fully Automatic Front Load Washi...",7 kg,4.4,"6,421 Ratings & 477 Reviews",1200,2,"₹44,490",32% off,"₹29,990"
"LG 7 kg 5 Star, Smart Inverter Technology, TurboDrum, Smart Diagnosis with Soft Closing Door Fully Aut...",7 kg,4.4,"73,312 Ratings & 5,366 Reviews",740,2,"₹27,490",36% off,"₹17,490"
IFB 9 kg Fully Automatic Top Load Washing Machine with In-built Heater Black,9 kg,4.3,47 Ratings & 4 Reviews,720,4,"₹35,690",25% off,"₹26,473"
Whirlpool 7 kg Semi Automatic Top Load Washing Machine Maroon,7 kg,4.1,64 Ratings & 4 Reviews,1400,,"₹14,066",31% off,"₹9,590"
Voltas Beko 8 kg Fully Automatic Top Load Washing Machine with In-built Heater Grey,8 kg,4.3,16 Ratings & 1 Reviews,700,5,"₹41,990",58% off,"₹17,590"
"MarQ by Flipkart 8.5 kg 5 Star Rating Innowash Range Semi Automatic Top Load Washing Machine Blue, Whi...",8.5 kg,4.3,"56,300 Ratings & 5,683 Reviews",1350,2,"₹16,990",43% off,"₹9,590"
InnoQ 7 kg | Turbo Wash | Buzzer | Wheels | Turbo Jet Dryer | Magic Filter | Lint Filter Semi Automati...,7 kg,4.2,"1,311 Ratings & 188 Reviews",1500,1,"₹17,990",61% off,"₹6,990"
Haier 14 kg Semi Automatic Top Load Washing Machine Black,14 kg,5,3 Ratings & 0 Reviews,1300,3,"₹31,000",35% off,"₹19,990"
Whirlpool 9 kg Fully Automatic Top Load Washing Machine with In-built Heater Grey,9 kg,4.1,"33,761 Ratings & 2,256 Reviews",740,2,"₹29,200",21% off,"₹22,990"
"SAMSUNG 8 kg Fully Automatic Front Load Washing Machine with In-built Heater Black, Grey",8 kg,4.3,"16,868 Ratings & 1,269 Reviews",1400,,"₹55,900",37% off,"₹34,990"
Godrej 6.5 kg 5 Star With I-Wash Technology Washing Machine Fully Automatic Top Load Grey,6.5 kg,4.2,"7,087 Ratings & 522 Reviews",720,2,"₹17,900",27% off,"₹12,990"
"SAMSUNG 12 kg 5 Star, AI Ecobubble, Super Speed, Wi-Fi, Hygiene Steam, Digital Inverter Motor Fully Au...",12 kg,4.3,"16,868 Ratings & 1,269 Reviews",1400,2,"₹52,990",16% off,"₹43,990"
SAMSUNG 8.5 kg Semi Automatic Top Load Washing Machine Black,8.5 kg,4.4,178 Ratings & 10 Reviews,1300,2,"₹18,919",23% off,"₹14,400"
"realme TechLife 11 kg MegaWash Range Fully Automatic Top Load Washing Machine Black, Grey",11 kg,4.1,"1,264 Ratings & 121 Reviews",700,2,"₹32,990",45% off,"₹17,990"
Panasonic 6.5 kg Fully Automatic Top Load Washing Machine Grey,6.5 kg,4.3,"11,858 Ratings & 1,223 Reviews",700,2,"₹20,400",28% off,"₹14,490"
"IFB 6.5 kg Powered by AI, 5 Star, with 2x Steam Cycle Fully Automatic Front Load Washing Machine with ...",6.5 kg,4.3,"89,954 Ratings & 8,846 Reviews",1000,4,"₹31,290",15% off,"₹26,490"
"Godrej 7 kg 5 Star, Zero Pressure Technology Fills Tub 60% Faster, Stainless Steel Gravity Drum Fully ...",7 kg,4.2,"7,087 Ratings & 522 Reviews",720,2,"₹27,000",47% off,"₹14,100"
Godrej 6.5 kg 5 Star With I-Wash Technology Washing Machine Fully Automatic Top Load Grey,6.5 kg,4.2,"7,087 Ratings & 522 Reviews",720,2,"₹17,900",27% off,"₹12,990"
"TCL 7 kg 5 Star with Extra Powerful Motor Lint Filter, Fast Dry Semi Automatic Top Load Washing Machin...",7 kg,4,141 Ratings & 6 Reviews,1400,2,"₹15,490",48% off,"₹7,990"
IFB 9 kg with Steam 5 Star AI Powered Eco Inverter with Wi-Fi EnabledOxyjet� 9 Swirl Wash Fully Automa...,9 kg,4.4,"1,973 Ratings & 200 Reviews",1400,4,"₹60,990",31% off,"₹41,860"
InnoQ 7 kg | Turbo Wash | Buzzer | Wheels | Turbo Jet Dryer | Magic Filter | Lint Filter Semi Automati...,7 kg,4.2,"1,311 Ratings & 188 Reviews",1500,1,"₹17,990",61% off,"₹6,990"
"Panasonic 7 kg Fully Automatic Top Load Washing Machine Black, Grey",7 kg,4.3,"1,000 Ratings & 95 Reviews",700,2,"₹25,500",39% off,"₹15,490"
Whirlpool 9.5 kg With Hard water wash Fully Automatic Top Load Washing Machine Grey,9.5 kg,4.1,144 Ratings & 16 Reviews,740,3,"₹34,600",32% off,"₹23,190"
Voltas Beko by A Tata Product 7 kg Semi Automatic Top Load Washing Machine White,7 kg,4.3,"2,164 Ratings & 155 Reviews",1350,2,"₹12,490",30% off,"₹8,685"
"IFB 10 kg 5 Star with Steam Refresh program, 9 Swirl Wash, Eco Inverter, with AI Fully Automatic Front...",10 kg,4.3,"89,954 Ratings & 8,846 Reviews",1400,4,"₹62,990",23% off,"₹48,190"
"BOSCH 8 kg Fully Automatic Top Load Washing Machine Black, Red",8 kg,4.1,96 Ratings & 6 Reviews,680,2,"₹31,990",26% off,"₹23,383"
Panasonic 8 kg Fully Automatic Front Load Washing Machine with In-built Heater Silver,8 kg,4.2,78 Ratings & 13 Reviews,1400,2,"₹41,000",21% off,"₹31,990"
InnoQ 7 kg | Turbo Wash | Buzzer | Wheels | Turbo Jet Dryer | Magic Filter | Lint Filter Semi Automati...,7 kg,4.2,"1,311 Ratings & 188 Reviews",1500,1,"₹17,990",61% off,"₹6,990"
"ONIDA 7 kg 5 Star With Five-Fin Storm Pulsator Semi Automatic Top Load Washing Machine Black, Grey",7 kg,4.1,"1,109 Ratings & 64 Reviews",1300,2,"₹12,490",28% off,"₹8,890"
Whirlpool 8 kg Fully Automatic Top Load Washing Machine with In-built Heater Grey,8 kg,4.3,364 Ratings & 74 Reviews,740,2,"₹29,700",31% off,"₹20,490"
Panasonic 8 kg Fully Automatic Top Load Washing Machine with In-built Heater Grey,8 kg,4.3,"11,858 Ratings & 1,223 Reviews",702,2,"₹24,900",23% off,"₹18,990"
InnoQ 7 kg | Turbo Wash | Buzzer | Wheels | Turbo Jet Dryer | Magic Filter | Lint Filter Semi Automati...,7 kg,4.2,"1,311 Ratings & 188 Reviews",1500,1,"₹17,990",61% off,"₹6,990"
Panasonic 10 kg Fully Automatic Top Load Washing Machine with In-built Heater Grey,10 kg,4.3,"11,858 Ratings & 1,223 Reviews",702,2,"₹41,400",31% off,"₹28,490"
LG 9 kg Fully Automatic Top Load Washing Machine Black,9 kg,,,700,,"₹32,994",17% off,"₹27,085"
"TCL 9 kg 5 Star with Extra Powerful Motor, Magic Filter and Fast Dry Semi Automatic Top Load Washing M...",9 kg,4,141 Ratings & 6 Reviews,1250,2,"₹25,000",58% off,"₹10,490"
"IFB 10 kg 5 Star with Steam Refresh program, 9 Swirl Wash, Eco Inverter, with AI Fully Automatic Front...",10 kg,4.3,"89,954 Ratings & 8,846 Reviews",1400,4,"₹64,790",25% off,"₹47,950"
InnoQ 7.5 kg | Turbo Wash | Buzzer | Wheels | Turbo Jet Dryer | Magic Filter | Lint Filter Semi Automa...,7.5 kg,4.2,"1,311 Ratings & 188 Reviews",1500,1,"₹18,990",62% off,"₹7,190"
Panasonic 7 kg Fully Automatic Top Load Washing Machine Grey,7 kg,4.3,"11,858 Ratings & 1,223 Reviews",700,,"₹21,900",29% off,"₹15,490"
"BPL 7 kg Semi Automatic Top Load Washing Machine White, Maroon",7 kg,5,3 Ratings & 0 Reviews,1350,2,"₹13,999",35% off,"₹8,990"
"Admiral 8.5 kg Semi Automatic Top Load Washing Machine Blue, White",8.5 kg,4.3,139 Ratings & 9 Reviews,1350,3,"₹12,649",13% off,"₹10,990"
"Haier 9 kg Oxyi Dry Technology, 1300 RPM, Spray Function, Wash Programs, Magic Filter, Rat Mesh Semi A...",9 kg,4.3,"3,122 Ratings & 181 Reviews",1300,3,"₹19,000",36% off,"₹11,990"
"Haier 8 kg Balance Clean Pulsator, Custom Wash Cycles with 15 Mins Quick Wash, Magic Filter Fully Auto...",8 kg,4.3,"35,898 Ratings & 3,027 Reviews",800,2,"₹30,000",43% off,"₹16,990"
Voltas Beko by A Tata Product 7 kg Semi Automatic Top Load Washing Machine Maroon,7 kg,4.1,332 Ratings & 23 Reviews,1350,2,"₹12,990",31% off,"₹8,962"
"LG 7 Kg 5 Star, Inverter Direct Drive Technology, Wi-Fi Enabled, 6 Motion DD, Allergen free with Steam...",7 kg,4.4,"6,421 Ratings & 477 Reviews",1200,2,"₹45,490",34% off,"₹29,990"
"Voltas Beko by A Tata Product 7 kg Semi Automatic Top Load Washing Machine White, Maroon",7 kg,4.3,"2,164 Ratings & 155 Reviews",1350,,"₹12,999",31% off,"₹8,855"
IFB 8 kg 5 Star 9 Swirl AI Powered with Wi-Fi Enabled�� with 2x Power Steam Fully Automatic Front Load...,8 kg,4.3,457 Ratings & 53 Reviews,1400,4,"₹59,290",22% off,"₹45,990"
"Godrej 7 kg 5 Star, Zero Pressure Technology Fills Tub 60% Faster, Stainless Steel Gravity Drum Fully ...",7 kg,4.2,"7,087 Ratings & 522 Reviews",720,2,"₹27,000",47% off,"₹14,100"
"Haier 6.5 kg Balance Clean Pulsator, Custom Wash Cycles with 15 Mins Quick Wash, Magic Filter Fully Au...",6.5 kg,4.3,"35,898 Ratings & 3,027 Reviews",800,2,"₹18,990",34% off,"₹12,490"
"BOSCH 9/6 kg Washer with Dryer Inverter,1400RPM  Ready to Wear Clothes with In-built Heater Silver",6 kg,4.4,70 Ratings & 4 Reviews,1400,2,"₹80,490",31% off,"₹54,990"
BOSCH 9 kg Dryer with In-built Heater Grey,9 kg,,,0,2,"₹71,990",24% off,"₹54,500"
"LG 7 kg 5 Star, Smart Inverter Technology, TurboDrum, Smart Diagnosis with Soft Closing Door Fully Aut...",7 kg,4.4,"73,312 Ratings & 5,366 Reviews",740,2,"₹27,490",36% off,"₹17,490"
Haier 14 kg Semi Automatic Top Load Washing Machine Black,14 kg,5,3 Ratings & 0 Reviews,1300,3,"₹31,000",35% off,"₹19,990"
InnoQ 10 kg | Turbo Wash | Buzzer | Wheels | Turbo Jet Dryer | Magic Filter | Lint Filter Semi Automat...,10 kg,4.2,"1,311 Ratings & 188 Reviews",1500,1,"₹24,990",64% off,"₹8,990"
"Acer 7.5 kg Halo Wash Series with AiSense, 5 Star Rating, AutoBalance, HelixFlow Pulsator, Pro-Foam Tu...",7.5 kg,4.1,"1,186 Ratings & 155 Reviews",700,2,"₹35,999",55% off,"₹15,899"
"Acer 7 kg Quad Wash Series with AiSense, 5 Star Rating, AutoBalance, HelixFlow Pulsator, Pro-Foam Full...",7 kg,4.1,"1,186 Ratings & 155 Reviews",700,1,"₹31,999",56% off,"₹13,900"
MarQ by Flipkart 12 kg Semi Automatic Top Load Washing Machine Blue,12 kg,4.3,"56,300 Ratings & 5,683 Reviews",1350,2,"₹24,990",51% off,"₹11,999"
InnoQ 7 kg | Turbo Wash | Buzzer | Wheels | Turbo Jet Dryer | Magic Filter | Lint Filter Semi Automati...,7 kg,4.2,"1,311 Ratings & 188 Reviews",1500,1,"₹17,990",61% off,"₹6,990"
Godrej 6.5 kg 5 Star With I-Wash Technology Washing Machine Fully Automatic Top Load Grey,6.5 kg,4.2,"7,087 Ratings & 522 Reviews",720,2,"₹17,900",27% off,"₹12,990"
"Voltas Beko 11 kg Fully Automatic Top Load Washing Machine Black, Grey",11 kg,4.2,"1,122 Ratings & 85 Reviews",700,1,"₹45,990",54% off,"₹20,990"
IFB 7 kg Fully Automatic Front Load Washing Machine with In-built Heater Beige,7 kg,,,1200,4,"₹42,290",22% off,"₹32,854"
"Haier 8 kg With Ultra Fresh Air Technology, Oceanus Wave Steel Drum, Balance Clean Pulsator, Custom Wa...",8 kg,4,4 Ratings & 0 Reviews,780,2,"₹27,000",40% off,"₹15,990"
"LG 7 kg 5 Star, Inverter Direct Drive Technology, 6 Motion DD, Steam, Fully Automatic Front Load Washi...",7 kg,4.4,"6,421 Ratings & 477 Reviews",1200,2,"₹44,490",32% off,"₹29,990"
"Reliance 7.5 kg Washer only Red, White",7.5 kg,4.1,198 Ratings & 12 Reviews,1350,1,"₹8,499",40% off,"₹5,099"
BOSCH 9 kg 5 Star with 1360 High RPM Spin Motor Semi Automatic Top Load Washing Machine Multicolor,9 kg,4.1,189 Ratings & 20 Reviews,1360,2,"₹20,500",30% off,"₹14,200"
"TCL 10 kg 5 Star with Extra Powerful Motor, Magic Filter and Fast Dry Semi Automatic Top Load Washing ...",10 kg,4,141 Ratings & 6 Reviews,1250,2,"₹27,000",55% off,"₹11,990"
"Voltas Beko 12 kg Semi Automatic Top Load Washing Machine Black, Grey",12 kg,3.7,7 Ratings & 0 Reviews,1300,2,"₹27,690",44% off,"₹15,280"
"Haier 9 kg Oxyi Dry Technology, 1300 RPM, Spray Function, Wash Programs, Magic Filter, Rat Mesh Semi A...",9 kg,4.3,"3,122 Ratings & 181 Reviews",1300,3,"₹19,000",36% off,"₹11,990"
"Haier 8 kg Balance Clean Pulsator, Custom Wash Cycles with 15 Mins Quick Wash, Magic Filter Fully Auto...",8 kg,4.3,"35,898 Ratings & 3,027 Reviews",800,2,"₹30,000",43% off,"₹16,990"
"Lloyd by Havells 6.5 kg 1300 RPM, 2 Wash Programs, Magic Filter Semi Automatic Top Load Washing Machin...",6.5 kg,4.3,"1,299 Ratings & 94 Reviews",1300,2,"₹13,490",33% off,"₹8,990"
Godrej 8 kg Semi Automatic Top Load Washing Machine Grey,8 kg,4.2,516 Ratings & 49 Reviews,1440,2,"₹21,645",37% off,"₹13,504"
"Godrej 7 kg 5 Star, Zero Pressure Technology Fills Tub 60% Faster, Stainless Steel Gravity Drum Fully ...",7 kg,4.2,"7,087 Ratings & 522 Reviews",720,2,"₹27,000",47% off,"₹14,100"
"IFB 7 kg 5 Star with Steam Refresh program, 9 Swirl Wash, Eco Inverter, Powered by AI with Wifi Fully ...",7 kg,4.3,"89,954 Ratings & 8,846 Reviews",1200,4,"₹36,590",20% off,"₹28,990"
BOSCH 7 kg Fully Automatic Top Load Washing Machine Grey,7 kg,3.9,39 Ratings & 1 Reviews,680,2,"₹39,999",42% off,"₹22,900"
"Haier 8 kg With Ultra Fresh Air Technology, Oceanus Wave Steel Drum, Balance Clean Pulsator, Custom Wa...",8 kg,4,4 Ratings & 0 Reviews,780,2,"₹27,000",40% off,"₹15,990"
Whirlpool 9 kg Semi Automatic Top Load Washing Machine Grey,9 kg,3.8,34 Ratings & 4 Reviews,1400,2,"₹17,900",22% off,"₹13,899"
ONIDA 8 kg 5 star Hexafin Pulsator Inbuilt Basket 1450 RPM Semi Automatic Top Load Washing Machine Gre...,8 kg,4.2,"10,410 Ratings & 930 Reviews",1450,2,"₹13,670",19% off,"₹10,999"
"LG 7 kg 5 Star, Smart Inverter Technology, TurboDrum, Smart Diagnosis with Soft Closing Door Fully Aut...",7 kg,4.4,"73,312 Ratings & 5,366 Reviews",740,2,"₹27,490",36% off,"₹17,490"
"LG 7 kg 5 Star, Inverter Direct Drive Technology, 6 Motion DD, Steam, Fully Automatic Front Load Washi...",7 kg,4.4,"6,421 Ratings & 477 Reviews",1200,2,"₹44,490",32% off,"₹29,990"
Voltas Beko by A Tata Product 12 kg A Tata Product Anti-allergen Hygiene Boost Washing Machine with Fa...,12 kg,4.3,"18,225 Ratings & 1,310 Reviews",1350,2,"₹20,999",32% off,"₹14,124"
"Haier 8 kg Super Drum 525, Puri steam & Refresh Fully Automatic Front Load Washing Machine with In-bui...",8 kg,4.3,"1,751 Ratings & 198 Reviews",1400,5,"₹62,000",39% off,"₹37,490"
InnoQ 7 kg | Turbo Wash | Buzzer | Wheels | Turbo Jet Dryer | Magic Filter | Lint Filter Semi Automati...,7 kg,4.2,"1,311 Ratings & 188 Reviews",1500,1,"₹17,990",61% off,"₹6,990"
Haier 14 kg Semi Automatic Top Load Washing Machine Black,14 kg,5,3 Ratings & 0 Reviews,1300,3,"₹31,000",35% off,"₹19,990"
"ONIDA 7 kg Washer only White, Maroon",7 kg,4.2,"29,629 Ratings & 3,180 Reviews",780,1,"₹6,690",2% off,"₹6,495"
ONIDA 8 kg 5 Star With Sensomatic Wash Technology Fully Automatic Top Load Washing Machine Grey,8 kg,4.2,"55,376 Ratings & 6,127 Reviews",700,2,"₹26,990",37% off,"₹16,990"
LG 8 kg Semi Automatic Top Load Washing Machine Black,8 kg,3.3,3 Ratings & 0 Reviews,1300,2,"₹16,999",,"₹16,990"
"Electrolux 8/5 kg Washer with Dryer 5 Star EcoInverter, 40C Vapour Wash,UltimateCare 300 White",5 kg,3,7 Ratings & 1 Reviews,1200,2,"₹92,990",44% off,"₹51,990"
"Haier 9 kg Oxyi Dry Technology, 1300 RPM, Spray Function, Wash Programs, Magic Filter, Rat Mesh Semi A...",9 kg,4.3,"3,122 Ratings & 181 Reviews",1300,3,"₹19,000",36% off,"₹11,990"
"Haier 8 kg Balance Clean Pulsator, Custom Wash Cycles with 15 Mins Quick Wash, Magic Filter Fully Auto...",8 kg,4.3,"35,898 Ratings & 3,027 Reviews",800,2,"₹30,000",43% off,"₹16,990"
Wybor 7 kg Washer only Maroon,7 kg,4.1,19 Ratings & 0 Reviews,1300,,"₹6,990",24% off,"₹5,286"
"Haier 8 kg Fully Automatic Top Load Washing Machine with In-built Heater Black, Grey",8 kg,4.3,"35,898 Ratings & 3,027 Reviews",780,5,"₹42,500",39% off,"₹25,620"
"Whirlpool 7.5 kg 5 Star, Power Dry Technology Semi Automatic Top Load Washing Machine Maroon",7.5 kg,4.3,446 Ratings & 31 Reviews,1450,2,"₹14,999",16% off,"₹12,599"
Whirlpool 8.5 kg Fully Automatic Top Load Washing Machine with In-built Heater Grey,8.5 kg,,,740,3,"₹29,999",18% off,"₹24,334"
"Godrej 7 kg 5 Star, Zero Pressure Technology Fills Tub 60% Faster, Stainless Steel Gravity Drum Fully ...",7 kg,4.2,"7,087 Ratings & 522 Reviews",720,2,"₹27,000",47% off,"₹14,100"
"IFB 7 kg 5 Star with Steam Refresh program, 9 Swirl Wash, Eco Inverter, Powered by AI with Wifi Fully ...",7 kg,4.3,"89,954 Ratings & 8,846 Reviews",1200,4,"₹36,590",20% off,"₹28,990"
Whirlpool 9.5 kg Semi Automatic Top Load Washing Machine Black,9.5 kg,4.1,97 Ratings & 2 Reviews,1400,,"₹23,200",33% off,"₹15,438"
Whirlpool 10 kg Semi Automatic Top Load Washing Machine Grey,10 kg,4.4,"30,285 Ratings & 2,124 Reviews",1400,4,"₹19,000",18% off,"₹15,490"
"LG 7 kg 5 Star, Smart Inverter Technology, TurboDrum, Smart Diagnosis with Soft Closing Door Fully Aut...",7 kg,4.4,"73,312 Ratings & 5,366 Reviews",740,2,"₹27,490",36% off,"₹17,490"
"LG 7 kg 5 Star, Inverter Direct Drive Technology, 6 Motion DD, Steam, Fully Automatic Front Load Washi...",7 kg,4.4,"6,421 Ratings & 477 Reviews",1200,2,"₹44,490",32% off,"₹29,990"
IFB 7.5 kg Fully Automatic Top Load Washing Machine with In-built Heater Grey,7.5 kg,3.8,14 Ratings & 0 Reviews,720,4,"₹29,190",23% off,"₹22,436"
Whirlpool 10 kg with Inverter Fully Automatic Top Load Washing Machine with In-built Heater Grey,10 kg,2.9,7 Ratings & 0 Reviews,740,3,"₹35,850",30% off,"₹24,900"
IFB 8.5/6.5 kg Washer with Dryer with Wi-Fi EnabledRefresher 3-in-1 Laundrimagic Wi-Fi Enabled Inverte...,6.5 kg,4.2,62 Ratings & 5 Reviews,1400,4,"₹69,643",21% off,"₹54,990"
MOTOROLA 8 kg 5 star rating Midnight Series Semi Automatic Top Load Washing Machine Black,8 kg,4.3,"10,254 Ratings & 890 Reviews",1350,2,"₹15,990",40% off,"₹9,490"
InnoQ 7 kg | Turbo Wash | Buzzer | Wheels | Turbo Jet Dryer | Magic Filter | Lint Filter Semi Automati...,7 kg,4.2,"1,311 Ratings & 188 Reviews",1500,1,"₹17,990",61% off,"₹6,990"
Haier 14 kg Semi Automatic Top Load Washing Machine Black,14 kg,5,3 Ratings & 0 Reviews,1300,3,"₹31,000",35% off,"₹19,990"
Haier 7 kg Fully Automatic Top Load Washing Machine Grey,7 kg,4.3,83 Ratings & 10 Reviews,800,2,"₹31,000",43% off,"₹17,490"
"Whirlpool 9.5 kg Fully Automatic Top Load Washing Machine with In-built Heater Black, Grey",9.5 kg,4,235 Ratings & 18 Reviews,740,3,"₹33,700",31% off,"₹23,190"
Godrej 6.5 kg 5 Star With I-Wash Technology Washing Machine Fully Automatic Top Load Grey,6.5 kg,4.2,"7,087 Ratings & 522 Reviews",720,2,"₹17,900",27% off,"₹12,990"
"IFB 7 kg Powered by AI, 5 Star,� with 2x Steam Cycle Fully Automatic Front Load Washing Machine with I...",7 kg,4.3,"89,954 Ratings & 8,846 Reviews",1000,4,"₹36,990",29% off,"₹25,990"
SAMSUNG 10 kg with Wi-Fi Enabled Fully Automatic Top Load Washing Machine with In-built Heater Black,10 kg,3.8,38 Ratings & 2 Reviews,700,,"₹38,000",23% off,"₹29,190"
"IFB 6.5 kg with Steam Wash, Aqua Energie, Anti-Allergen Fully Automatic Front Load Washing Machine wit...",6.5 kg,4.4,"3,097 Ratings & 267 Reviews",1000,4,"₹42,290",22% off,"₹32,850"
Panasonic 6 kg 4 Star 8 Wash Program AquaBeat Wash Fully Automatic Top Load Washing Machine Grey,6 kg,4.3,"11,858 Ratings & 1,223 Reviews",680,2,"₹16,700",16% off,"₹13,990"
Whirlpool 7 kg Fully Automatic Top Load Washing Machine with In-built Heater Grey,7 kg,4,14 Ratings & 1 Reviews,740,3,"₹24,000",23% off,"₹18,390"
"Godrej 7 kg 5 Star, Zero Pressure Technology Fills Tub 60% Faster, Stainless Steel Gravity Drum Fully ...",7 kg,4.2,"7,087 Ratings & 522 Reviews",720,2,"₹27,000",47% off,"₹14,100"
Godrej 6.5 kg 5 Star With I-Wash Technology Washing Machine Fully Automatic Top Load Grey,6.5 kg,4.2,"7,087 Ratings & 522 Reviews",720,2,"₹17,900",27% off,"₹12,990"
MarQ by Flipkart 14 kg Semi Automatic Top Load Washing Machine Blue,14 kg,4.3,"56,300 Ratings & 5,683 Reviews",1350,2,"₹26,990",50% off,"₹13,299"
Haier 7 kg Fully Automatic Top Load Washing Machine Grey,7 kg,4.3,6 Ratings & 1 Reviews,800,2,"₹23,490",27% off,"₹16,990"
"Lloyd 12 kg Semi Automatic Top Load Washing Machine Grey, Black",12 kg,4,13 Ratings & 2 Reviews,1300,1,"₹22,990",23% off,"₹17,599"
"Godrej 6 kg 5 Star, AI Tech, Steam Wash Fully Automatic Front Load Washing Machine with In-built Heate...",6 kg,4,714 Ratings & 76 Reviews,1000,2,"₹38,000",40% off,"₹22,790"
InnoQ 7 kg | Turbo Wash | Buzzer | Wheels | Turbo Jet Dryer | Magic Filter | Lint Filter Semi Automati...,7 kg,4.2,"1,311 Ratings & 188 Reviews",1500,1,"₹17,990",61% off,"₹6,990"
"Panasonic 7 kg Fully Automatic Top Load Washing Machine Black, Grey",7 kg,4.3,"1,000 Ratings & 95 Reviews",700,2,"₹25,500",39% off,"₹15,490"
"Whirlpool 7 kg Steam Technology 5 Star Inverter 100+ Tough Stains, 6th Sense Soft Move Fully Automatic...",7 kg,4.1,"1,168 Ratings & 103 Reviews",1000,2,"₹35,250",26% off,"₹25,990"
"IFB 8 kg Powered by AI, 5 Star, Steam Refresh, Fully Automatic Front Load Washing Machine Grey",8 kg,4.4,"1,394 Ratings & 101 Reviews",1400,4,"₹51,690",26% off,"₹37,990"
Panasonic 8 kg Fully Automatic Front Load Washing Machine with In-built Heater Silver,8 kg,4.2,78 Ratings & 13 Reviews,1400,2,"₹41,000",21% off,"₹31,990"
InnoQ 7 kg | Turbo Wash | Buzzer | Wheels | Turbo Jet Dryer | Magic Filter | Lint Filter Semi Automati...,7 kg,4.2,"1,311 Ratings & 188 Reviews",1500,1,"₹17,990",61% off,"₹6,990"
"IFB 9 kg 5 Star AI Powered,� with 2X Power Steam Fully Automatic Front Load Washing Machine with In-bu...",9 kg,4.3,"89,954 Ratings & 8,846 Reviews",1400,4,"₹54,190",35% off,"₹34,990"
"IFB 11 kg 5 Star with DeepClean Technology, PowerSteam, AI Powered,Aqua Energie Fully Automatic Top Lo...",11 kg,4.2,9 Ratings & 0 Reviews,720,4,"₹44,990",23% off,"₹34,300"
"Godrej 8 kg Semi Automatic Top Load Washing Machine White, Black",8 kg,4,64 Ratings & 3 Reviews,1400,2,"₹19,500",35% off,"₹12,490"
Whirlpool 6.5 kg Fully Automatic Top Load Washing Machine Grey,6.5 kg,4.2,112 Ratings & 8 Reviews,1450,,,,
Panasonic 8 kg Fully Automatic Top Load Washing Machine with In-built Heater Grey,8 kg,4.3,"11,858 Ratings & 1,223 Reviews",702,2,"₹24,900",23% off,"₹18,990"
InnoQ 7 kg | Turbo Wash | Buzzer | Wheels | Turbo Jet Dryer | Magic Filter | Lint Filter Semi Automati...,7 kg,4.2,"1,311 Ratings & 188 Reviews",1500,1,"₹17,990",61% off,"₹6,990"
SAMSUNG 7 kg Fully Automatic Top Load Washing Machine Grey,7 kg,4.5,4 Ratings & 1 Reviews,700,,"₹25,000",15% off,"₹21,100"
SAMSUNG 10 kg with Wi-Fi Enabled Fully Automatic Top Load Washing Machine Grey,10 kg,4.4,"61,920 Ratings & 4,601 Reviews",700,3,"₹32,500",17% off,"₹26,900"
Panasonic 6.5 kg Fully Automatic Top Load Washing Machine Grey,6.5 kg,4.3,"11,858 Ratings & 1,223 Reviews",700,2,"₹20,400",28% off,"₹14,490"
InnoQ 7.5 kg | Turbo Wash | Buzzer | Wheels | Turbo Jet Dryer | Magic Filter | Lint Filter Semi Automa...,7.5 kg,4.2,"1,311 Ratings & 188 Reviews",1500,1,"₹18,990",62% off,"₹7,190"
"Haier 7.5 kg Fully Automatic Top Load Washing Machine with In-built Heater Black, Grey",7.5 kg,4.3,"35,898 Ratings & 3,027 Reviews",800,5,"₹33,000",30% off,"₹22,990"
"Lloyd by Havells 11 kg Swift Dry Technology, 1300 RPM, Soak Function, 4 Wash Programs, Magic Filter, E...",11 kg,4.3,"1,299 Ratings & 94 Reviews",1300,,"₹21,990",29% off,"₹15,490"
Lloyd by Havells 6.5 kg Fully Automatic Top Load Washing Machine Grey,6.5 kg,3.9,116 Ratings & 12 Reviews,680,2,"₹19,990",36% off,"₹12,750"
Equator 2.5 kg with 99.9% Dry Clothes Automatic Temperature control Dryer with In-built Heater White,2.5 kg,3.3,4 Ratings & 0 Reviews,53,2,"₹26,990",52% off,"₹12,738"
"Haier 9 kg Oxyi Dry Technology, 1300 RPM, Spray Function, Wash Programs, Magic Filter, Rat Mesh Semi A...",9 kg,4.3,"3,122 Ratings & 181 Reviews",1300,3,"₹19,000",36% off,"₹11,990"
"Haier 8 kg Balance Clean Pulsator, Custom Wash Cycles with 15 Mins Quick Wash, Magic Filter Fully Auto...",8 kg,4.3,"35,898 Ratings & 3,027 Reviews",800,2,"₹30,000",43% off,"₹16,990"
LG 8.5 kg Semi Automatic Top Load Washing Machine Black,8.5 kg,4.4,"2,673 Ratings & 194 Reviews",1300,2,"₹20,490",24% off,"₹15,490"
"White Westinghouse (Trademark by Electrolux) 10.5 kg Semi Automatic Top Load Washing Machine Black, Wh...",10.5 kg,4.1,693 Ratings & 72 Reviews,1600,2,"₹14,999",26% off,"₹10,990"
"Godrej 7 kg 5 Star, Zero Pressure Technology Fills Tub 60% Faster, Stainless Steel Gravity Drum Fully ...",7 kg,4.2,"7,087 Ratings & 522 Reviews",720,2,"₹27,000",47% off,"₹14,100"
"SAMSUNG 12 kg 5 Star, AI Control, AI Ecobubble, Super Speed, Wi-Fi, Hygiene Steam, Digital Inverter Mo...",12 kg,4.3,"16,868 Ratings & 1,269 Reviews",1400,2,"₹60,990",22% off,"₹46,990"
BOSCH 10 kg Fully Automatic Front Load Washing Machine with In-built Heater Silver,10 kg,,,1400,,,,"₹74,590"
Voltas Beko by A Tata Product 7 kg Fully Automatic Top Load Washing Machine Grey,7 kg,4.4,30 Ratings & 3 Reviews,700,3,"₹28,690",43% off,"₹16,230"
Haier 7 kg Semi Automatic Top Load Washing Machine Black,7 kg,,,1300,2,"₹17,000",31% off,"₹11,670"
"Haier 6.5 kg Semi Automatic Top Load Washing Machine White, Maroon",6.5 kg,4.2,"1,081 Ratings & 79 Reviews",1300,2,"₹14,200",22% off,"₹10,999"
"LG 7 kg 5 Star, Smart Inverter Technology, TurboDrum, Smart Diagnosis with Soft Closing Door Fully Aut...",7 kg,4.4,"73,312 Ratings & 5,366 Reviews",740,2,"₹27,490",36% off,"₹17,490"
InnoQ 7 kg | Turbo Wash | Buzzer | Wheels | Turbo Jet Dryer | Magic Filter | Lint Filter Semi Automati...,7 kg,4.2,"1,311 Ratings & 188 Reviews",1500,1,"₹17,990",61% off,"₹6,990"
Kelvinator 7.5 kg Semi Automatic Top Load Washing Machine Maroon,7.5 kg,3.7,7 Ratings & 0 Reviews,1450,1,"₹15,192",39% off,"₹9,190"
SAMSUNG 10 kg with Wi-Fi Enabled Fully Automatic Top Load Washing Machine Black,10 kg,3.1,25 Ratings & 3 Reviews,700,,"₹34,500",21% off,"₹27,070"
Haier 14 kg Semi Automatic Top Load Washing Machine Black,14 kg,5,3 Ratings & 0 Reviews,1300,3,"₹31,000",35% off,"₹19,990"
Godrej 6.5 kg 5 Star With I-Wash Technology Washing Machine Fully Automatic Top Load Grey,6.5 kg,4.2,"7,087 Ratings & 522 Reviews",720,2,"₹17,900",27% off,"₹12,990"
Godrej 7.5 kg Semi Automatic Top Load Washing Machine Red,7.5 kg,3.7,3 Ratings & 0 Reviews,1440,2,"₹16,900",32% off,"₹11,490"
"SAMSUNG 13 kg Fully Automatic Top Load Washing Machine with In-built Heater Grey, Black",13 kg,,,700,2,"₹60,000",10% off,"₹53,799"
"DMR 2.5 kg Semi Automatic Top Load Washing Machine White, Green",2.5 kg,4.2,36 Ratings & 3 Reviews,300,1,"₹6,299",20% off,"₹4,999"
Whirlpool 7.5 kg 5 Star Stainwash Pro Fully Automatic Top Load Washing Machine with In-built Heater Gr...,7.5 kg,4.1,"2,473 Ratings & 185 Reviews",740,2,"₹24,200",27% off,"₹17,490"
"Haier 9 kg Oxyi Dry Technology, 1300 RPM, Spray Function, Wash Programs, Magic Filter, Rat Mesh Semi A...",9 kg,4.3,"3,122 Ratings & 181 Reviews",1300,3,"₹19,000",36% off,"₹11,990"
"Haier 8 kg Balance Clean Pulsator, Custom Wash Cycles with 15 Mins Quick Wash, Magic Filter Fully Auto...",8 kg,4.3,"35,898 Ratings & 3,027 Reviews",800,2,"₹30,000",43% off,"₹16,990"
IFB 12 kg with Steam Fully Automatic Top Load Washing Machine with In-built Heater Grey,12 kg,4,4 Ratings & 0 Reviews,720,4,"₹40,990",13% off,"₹35,380"
Voltas Beko by A Tata Product 6.5 kg Fully Automatic Front Load Washing Machine Grey,6.5 kg,,,700,,"₹23,490",32% off,"₹15,850"
"Godrej 7 kg 5 Star, Zero Pressure Technology Fills Tub 60% Faster, Stainless Steel Gravity Drum Fully ...",7 kg,4.2,"7,087 Ratings & 522 Reviews",720,2,"₹27,000",47% off,"₹14,100"
"Haier 7 kg Balance Clean Pulsator, Custom Wash Cycles with 15 Mins Quick Wash, Magic Filter Fully Auto...",7 kg,4.3,"35,898 Ratings & 3,027 Reviews",800,2,"₹26,000",47% off,"₹13,690"
Whirlpool 7 kg Semi Automatic Top Load Washing Machine Red,7 kg,4.3,292 Ratings & 19 Reviews,1400,2,"₹14,000",27% off,"₹10,200"
LG 8 kg Fully Automatic Front Load Washing Machine with In-built Heater White,8 kg,4.4,"6,421 Ratings & 477 Reviews",1200,2,"₹46,990",31% off,"₹31,990"
SAMSUNG 8 kg Wi-Fi Enabled 5 Star Fully Automatic Top Load Washing Machine Grey,8 kg,4.3,106 Ratings & 8 Reviews,700,3,"₹28,000",13% off,"₹24,300"
Panasonic 6.7 kg Fully Automatic Top Load Washing Machine with In-built Heater Grey,6.7 kg,4.3,247 Ratings & 35 Reviews,702,2,"₹24,500",30% off,"₹16,990"
"LG 7 kg 5 Star, Inverter Direct Drive Technology, 6 Motion DD, Steam, Fully Automatic Front Load Washi...",7 kg,4.4,"6,421 Ratings & 477 Reviews",1200,2,"₹44,490",32% off,"₹29,990"
"LG 7 kg 5 Star, Smart Inverter Technology, TurboDrum, Smart Diagnosis with Soft Closing Door Fully Aut...",7 kg,4.4,"73,312 Ratings & 5,366 Reviews",740,2,"₹27,490",36% off,"₹17,490"
Thomson 7.5 kg Fully Automatic Front Load Washing Machine with In-built Heater White,7.5 kg,4,"1,859 Ratings & 352 Reviews",1000,2,"₹25,999",30% off,"₹17,990"
Haier 8 kg 5 Star washing Machine Fully Automatic Top Load with In-built Heater Grey,8 kg,4.3,"35,898 Ratings & 3,027 Reviews",800,5,"₹36,000",33% off,"₹23,990"
InnoQ 7 kg | Turbo Wash | Buzzer | Wheels | Turbo Jet Dryer | Magic Filter | Lint Filter Semi Automati...,7 kg,4.2,"1,311 Ratings & 188 Reviews",1500,1,"₹17,990",61% off,"₹6,990"
Haier 14 kg Semi Automatic Top Load Washing Machine Black,14 kg,5,3 Ratings & 0 Reviews,1300,3,"₹31,000",35% off,"₹19,990"
Whirlpool 6.5 kg Fully Automatic Top Load Washing Machine Grey,6.5 kg,4.4,31 Ratings & 4 Reviews,740,,"₹21,990",13% off,"₹18,990"
"Electrolux 9 kg 5 Star EcoInverter, 40C Vapour Wash,UltimateCare 300 Fully Automatic Front Load Washin...",9 kg,4.3,52 Ratings & 13 Reviews,1200,2,"₹75,990",48% off,"₹39,490"
Admiral 6 kg Fully Automatic Top Load Washing Machine Grey,6 kg,3.6,33 Ratings & 6 Reviews,600,3,"₹12,649",13% off,"₹10,990"
"Godrej 7.5 kg Semi Automatic Top Load Washing Machine White, Purple",7.5 kg,4.2,599 Ratings & 52 Reviews,1400,2,"₹14,820",21% off,"₹11,610"
Godrej 6.5 kg 5 Star With I-Wash Technology Washing Machine Fully Automatic Top Load Grey,6.5 kg,4.2,"7,087 Ratings & 522 Reviews",720,2,"₹17,900",27% off,"₹12,990"
"SAMSUNG 12 kg 5 Star, AI Ecobubble, Super Speed, Wi-Fi, Hygiene Steam, Digital Inverter Motor Fully Au...",12 kg,4.3,"16,868 Ratings & 1,269 Reviews",1400,2,"₹52,990",16% off,"₹43,990"
BOSCH 9 kg Fully Automatic Front Load Washing Machine with In-built Heater Silver,9 kg,4.3,"9,176 Ratings & 747 Reviews",1200,,"₹52,190",27% off,"₹37,990"
IFB 9 kg Fully Automatic Front Load Washing Machine with In-built Heater Brown,9 kg,4.2,5 Ratings & 0 Reviews,1400,4,"₹49,990",15% off,"₹42,390"
